month,goliath,mutation,frequency
m3,g443,Trp53,0.181
m3,g443,Nsd1,0.18
m3,g443,Met,0.175
m3,g443,Prex2,0.169
m3,g443,Plcb1,0.165
m3,g443,Nlrp1a,0.161
m3,g443,Adam29,0.15
m3,g443,Nf1,0.148
m3,g443,Plcb1,0.145
m3,g443,Notch2,0.141
m3,g443,Crebbp,0.139
m3,g443,Rbm10,0.131
m3,g443,Apob,0.129
m3,g443,Ajuba,0.127
m3,g443,Met,0.126
m3,g443,Arid1a,0.126
m3,g443,Kmt2d,0.125
m3,g443,Apob,0.124
m3,g443,Apob,0.119
m3,g443,Kmt2c,0.119
m3,g443,Erbb4,0.118
m3,g443,Scn1a,0.118
m3,g443,Kmt2d,0.115
m3,g443,Fgfr3,0.115
m3,g443,Trp53,0.114
m3,g443,Fgfr1,0.113
m3,g443,Plcb1,0.113
m3,g443,Ptprt,0.112
m3,g443,Nras,0.112
m3,g443,Kmt2c,0.112
m3,g443,Fgfr1,0.111
m3,g443,Scn1a,0.111
m3,g443,Notch2,0.111
m3,g443,Notch4,0.109
m3,g443,Nfe2l2,0.109
m3,g443,Fat4,0.107
m3,g443,Fat4,0.106
m3,g443,Prex2,0.105
m3,g443,Adamts18,0.105
m3,g443,Prex2,0.104
m3,g443,Notch4,0.104
m3,g443,Nf1,0.104
m3,g443,Prex2,0.103
m3,g443,Notch2,0.103
m3,g443,Apob,0.102
m3,g443,Erbb2,0.101
m3,g443,Nf1,0.1
m3,g443,Braf,0.099
m3,g443,Scn11a,0.098
m3,g443,Scn11a,0.096
m3,g443,Met,0.096
m3,g443,Kmt2d,0.096
m3,g443,Prex2,0.095
m3,g443,Scn11a,0.095
m3,g443,Nfe2l2,0.094
m3,g443,Aurka,0.094
m3,g443,Kmt2a,0.094
m3,g443,Adam29,0.094
m3,g443,Egfr,0.093
m3,g443,Fat4,0.093
m3,g443,Apob,0.093
m3,g443,Grin2a,0.092
m3,g443,Fat4,0.092
m3,g443,Kmt2d,0.091
m3,g443,Dicer1,0.09
m3,g443,Nsd1,0.09
m3,g443,Kmt2a,0.09
m3,g443,Grin2a,0.089
m3,g443,Prex2,0.088
m3,g443,Notch1,0.087
m3,g443,Prex2,0.086
m3,g443,Notch4,0.086
m3,g443,Notch3,0.085
m3,g443,Apob,0.084
m3,g443,Nf1,0.084
m3,g443,Trp63,0.084
m3,g443,Notch4,0.084
m3,g443,Scn11a,0.084
m3,g443,Grin2a,0.083
m3,g443,Scn11a,0.083
m3,g443,Scn1a,0.083
m3,g443,Fat4,0.083
m3,g443,Apob,0.082
m3,g443,Notch1,0.082
m3,g443,Scn1a,0.081
m3,g443,Kcnh5,0.08
m3,g443,Triobp,0.079
m3,g443,Fat4,0.079
m3,g443,Adam29,0.077
m3,g443,Plcb1,0.076
m3,g443,Kmt2d,0.076
m3,g443,Plcb1,0.075
m3,g443,Gpsm3,0.075
m3,g443,Fgfr2,0.074
m3,g443,Fat4,0.073
m3,g443,Apob,0.072
m3,g443,Kcnh5,0.072
m3,g443,Adgrb3,0.072
m3,g443,Ezh2,0.071
m3,g443,Adamts18,0.069
m3,g443,Apob,0.069
m3,g443,Muc4,0.068
m3,g443,Erbb2,0.067
m3,g443,Setd2,0.067
m3,g443,Kmt2d,0.067
m3,g443,Kmt2c,0.066
m3,g443,Plcb1,0.066
m3,g443,Scn1a,0.065
m3,g443,Sufu,0.064
m3,g443,Scn1a,0.062
m3,g443,Notch1,0.061
m3,g443,Met,0.06
m3,g443,Scn1a,0.06
m3,g443,Notch2,0.06
m3,g443,Kmt2a,0.058
m3,g443,Ptprt,0.057
m3,g443,Notch2,0.056
m3,g443,Ptprt,0.055
m3,g443,Erbb4,0.054
m3,g443,Ppp1r3a,0.052
m3,g443,Fgfr3,0.051
m3,g443,Ppp1r3a,0.048
m3,g443,Ppp1r3a,0.048
m3,g443,Prex2,0.048
m3,g443,Cr2,0.048
m3,g443,Notch1,0.046
m3,g443,Prex2,0.045
m3,g443,Egfr,0.045
m3,g443,Ptch1,0.045
m3,g443,Cr2,0.044
m3,g443,Notch1,0.043
m3,g443,Sall1,0.042
m3,g443,Fat1,0.042
m3,g443,Fat4,0.041
m3,g443,Apob,0.041
m3,g443,Fat4,0.04
m3,g443,Prex2,0.039
m3,g443,Kcnh5,0.039
m3,g443,Kmt2c,0.039
m3,g443,Scn1a,0.038
m3,g443,Prex2,0.037
m3,g443,Muc3,0.037
m3,g443,Triobp,0.037
m3,g443,Sphkap,0.036
m3,g443,Scn1a,0.036
m3,g443,Sall1,0.035
m3,g443,Scn11a,0.035
m3,g443,Arid2,0.034
m3,g443,Nf1,0.033
m3,g443,Sphkap,0.031
m3,g443,Cr2,0.031
m3,g443,Nlrp1a,0.03
m3,g443,Arid2,0.03
m3,g443,Trp53,0.029
m3,g443,Kmt2c,0.029
m3,g443,Trp63,0.024
m3,g443,Muc4,0.023
m3,g443,Braf,0.022
m3,g443,Trp63,0.022
m3,g445,Fat4,0.081
m3,g445,Fat4,0.07
m3,g445,Erbb4,0.066
m3,g445,Notch1,0.063
m3,g445,Notch1,0.053
m3,g445,Muc4,0.052
m3,g445,Apob,0.048
m3,g445,Sall1,0.045
m3,g445,Muc4,0.041
m3,g445,Prex2,0.04
m3,g445,Prex2,0.04
m3,g445,Kmt2d,0.017
m3,g9154_1,Epha2,0.667
m3,g9154_1,Epha2,0.667
m3,g9154_1,Kmt2c,0.353
m3,g9154_1,Notch3,0.332
m3,g9154_1,Egfr,0.305
m3,g9154_1,Sall1,0.248
m3,g9154_1,Apob,0.2
m3,g9154_1,Cdh1,0.2
m3,g9154_1,Smo,0.129
m3,g9154_2,Trp53,0.228
m3,g9154_2,Adgrb3,0.206
m3,g9154_2,Notch4,0.178
m3,g9154_2,Sall1,0.174
m3,g9154_2,Apob,0.158
m3,g9154_2,Trp63,0.158
m3,g9154_2,Fat1,0.15
m3,g9154_2,Trp53,0.146
m3,g9154_2,Trp63,0.145
m3,g9154_2,Flg2,0.144
m3,g9154_2,Triobp,0.142
m3,g9154_2,Rbm10,0.139
m3,g9154_2,Muc3,0.139
m3,g9154_2,Adgrb3,0.135
m3,g9154_2,Notch1,0.133
m3,g9154_2,Notch3,0.133
m3,g9154_2,Adgrb3,0.132
m3,g9154_2,Plcb1,0.131
m3,g9154_2,Trp53,0.126
m3,g9154_2,Cul3,0.125
m3,g9154_2,Scn11a,0.123
m3,g9154_2,Scn11a,0.116
m3,g9154_2,Fat1,0.115
m3,g9154_2,Apob,0.113
m3,g9154_2,Prex2,0.111
m3,g9154_2,Notch3,0.107
m3,g9154_2,Epha2,0.1
m3,g9154_2,Scn11a,0.1
m3,g9154_2,Notch1,0.096
m3,g9154_2,Nf1,0.095
m3,g9154_2,Sall1,0.093
m3,g9154_2,Kmt2c,0.09
m3,g9154_2,Mir6996,0.087
m3,g9154_2,Braf,0.086
m3,g9154_2,Nlrp1a,0.084
m3,g9154_2,Met,0.083
m3,g9154_2,Fat1,0.079
m3,g9154_2,Muc4,0.077
m3,g9154_2,Ppp1r3a,0.076
m3,g9154_2,Scn11a,0.074
m3,g9154_2,Nf1,0.073
m3,g9154_2,Ppp1r3a,0.073
m3,g9154_2,Fat4,0.071
m3,g9154_2,Dicer1,0.07
m3,g9154_2,Braf,0.067
m3,g9154_2,Fgfr3,0.067
m3,g9154_2,Notch3,0.066
m3,g9154_2,Kmt2d,0.063
m3,g9154_2,Sufu,0.06
m3,g9154_2,Fat1,0.058
m3,g9154_2,Fat1,0.056
m3,g9154_2,Crebbp,0.055
m3,g9154_2,Cr2,0.051
m3,g9154_2,Fgfr2,0.051
m3,g9154_2,Kmt2d,0.05
m3,g9154_2,Adam29,0.047
m3,g9154_2,Triobp,0.042
m3,g9154_2,Nfe2l2,0.042
m3,g9154_2,Arid1a,0.037
m3,g9154_2,Grin2a,0.033
m3,g9154_2,Ccnd1,0.031
m3,g9154_2,Nf1,0.031
m3,g9154_2,Triobp,0.031
m3,g9154_2,Erbb3,0.03
m3,g9154_2,Ccnd1,0.026
m3,g9156,Kcnh5,0.214
m3,g9156,Egfr,0.356
m3,g9156,Notch4,0.5
m3,g9156,Kmt2d,0.331
m3,g9156,Akt1,0.323
m3,g9156,Kmt2a,0.3
m3,g9156,Casp8,0.238
m3,g9156,Scn11a,0.18
m3,g9156,Nlrp1a,0.167
m3,g9156,Erbb4,0.159
m3,g9156,Sox2,0.15
m3,g9156,Kmt2c,0.15
m3,g9156,Kmt2c,0.15
m3,g9156,Arid1a,0.129
m3,g9157,Notch3,0.143
m3,g9157,Prex2,0.14
m3,g9157,Kmt2a,0.132
m3,g9157,Prex2,0.13
m3,g9157,Notch1,0.129
m3,g9157,Sufu,0.125
m3,g9157,Adgrb3,0.111
m3,g9157,Cdh1,0.1
m3,g9157,Grin2a,0.076
m3,g9157,Grin2a,0.074
m3,g9157,Fat4,0.074
m3,g9157,Fat4,0.074
m3,g9157,Kmt2d,0.073
m3,g9157,Notch4,0.073
m3,g9157,Muc4,0.066
m3,g9157,Arid1a,0.064
m3,g9157,Notch3,0.061
m3,g9157,Grin2a,0.061
m3,g9157,Adamts18,0.06
m3,g9157,Scn1a,0.059
m3,g9157,Fat4,0.057
m3,g9157,Crebbp,0.055
m3,g9157,Cul3,0.054
m3,g9157,Setd2,0.048
m3,g9157,Ppp1r3a,0.046
m3,g9157,Notch1,0.043
m3,g9157,Fat4,0.027
m3,g9158,Rbm10,0.257
m3,g9158,Gpsm3,0.818
m3,g9158,Scn1a,0.637
m3,g9158,Nsd1,0.571
m3,g9158,Nsd1,0.555
m3,g9158,Mien1,0.395
m3,g9158,Scn11a,0.385
m3,g9158,Dicer1,0.375
m3,g9158,Adgrb3,0.356
m3,g9158,Ptprt,0.308
m3,g9158,Notch3,0.306
m3,g9158,Nf1,0.302
m3,g9158,Nf1,0.3
m3,g9158,Nfe2l2,0.3
m3,g9158,Adam29,0.292
m3,g9158,Triobp,0.277
m3,g9158,Csde1,0.273
m3,g9158,Notch3,0.269
m3,g9158,Akt2,0.249
m3,g9158,Fat4,0.215
m3,g9158,Scn1a,0.2
m3,g9158,Fgfr2,0.175
m3,g9158,Sox2,0.171
m3,g9158,Erbb4,0.167
m3,g9158,Fgfr1,0.14
m3,g9158,Erbb3,0.117
m3,g9159,Mir6917,0.923
m3,g9159,Muc4,0.909
m3,g9159,Notch3,0.857
m3,g9159,Akt1,0.778
m3,g9159,Nlrp1a,0.699
m3,g9159,Nlrp1a,0.699
m3,g9159,Scn11a,0.569
m3,g9159,Fgfr2,0.434
m3,g9159,Smad4,0.407
m3,g9159,Epha2,0.4
m3,g9159,Prex2,0.387
m3,g9159,Erbb4,0.379
m3,g9159,Met,0.379
m3,g9159,Notch3,0.376
m3,g9159,Notch1,0.351
m3,g9159,Prex2,0.35
m3,g9159,Sphkap,0.333
m3,g9159,Fgfr1,0.291
m3,g9159,Nlrp1a,0.276
m3,g9159,Prex2,0.181
m3,g9159,Kmt2d,0.167
m3,g9159,Trp53,0.163
m3,g9159,Notch3,0.147
m7,g006,Adgrb3,0.814
m7,g006,Adgrb3,0.796
m7,g006,Adgrb3,0.794
m7,g006,Adgrb3,0.783
m7,g006,Adgrb3,0.71
m7,g006,Adgrb3,0.616
m7,g006,Adgrb3,0.464
m7,g006,Adgrb3,0.375
m7,g006,Ajuba,0.157
m7,g006,Arid1a,0.8
m7,g006,Arid1a,0.76
m7,g006,Arid1a,0.62
m7,g006,Arid1a,0.6
m7,g006,Arid1a,0.208
m7,g006,Arid1a,0.198
m7,g006,Arid2,0.628
m7,g006,Arid2,0.605
m7,g006,Arid2,0.265
m7,g006,Braf,0.413
m7,g006,Braf,0.222
m7,g006,Braf,0.173
m7,g006,Ccnd1,0.541
m7,g006,Crebbp,0.809
m7,g006,Crebbp,0.803
m7,g006,Crebbp,0.616
m7,g006,Crebbp,0.616
m7,g006,Crebbp,0.543
m7,g006,Crebbp,0.406
m7,g006,Cul3,0.593
m7,g006,Cul3,0.252
m7,g006,Dicer1,0.877
m7,g006,Dicer1,0.838
m7,g006,Ezh2,0.208
m7,g006,Ezh2,0.182
m7,g006,Fat1,0.5
m7,g006,Fat1,0.461
m7,g006,Fbxw7,0.728
m7,g006,Fbxw7,0.472
m7,g006,Fbxw7,0.45
m7,g006,Fgfr3,0.861
m7,g006,Kcnh5,0.634
m7,g006,Kcnh5,0.293
m7,g006,Kcnh5,0.25
m7,g006,Kmt2a,0.854
m7,g006,Kmt2a,0.852
m7,g006,Kmt2a,0.638
m7,g006,Kmt2a,0.625
m7,g006,Kmt2c,0.903
m7,g006,Kmt2c,0.554
m7,g006,Kmt2d,0.659
m7,g006,Kmt2d,0.394
m7,g006,Kmt2d,0.286
m7,g006,Kras,0.681
m7,g006,Kras,0.638
m7,g006,Kras,0.627
m7,g006,Nf1,0.822
m7,g006,Nf1,0.348
m7,g006,Plcb1,0.704
m7,g006,Plcb1,0.64
m7,g006,Ppp1r3a,0.182
m7,g006,Pten,0.851
m7,g006,Pten,0.837
m7,g006,Pten,0.836
m7,g006,Pten,0.766
m7,g006,Ptprt,0.886
m7,g006,Ptprt,0.332
m7,g006,Rbm10,0.357
m7,g006,Sall1,0.63
m7,g006,Scn1a,0.625
m7,g006,Scn1a,0.576
m7,g006,Setd2,0.5
m7,g006,Setd2,0.5
m7,g006,Smo,0.517
m7,g444,Adam29,0.04
m7,g444,Adam29,0.022
m7,g444,Adamts18,0.072
m7,g444,Adamts18,0.068
m7,g444,Adamts18,0.048
m7,g444,Adgrb3,0.118
m7,g444,Adgrb3,0.1
m7,g444,Adgrb3,0.089
m7,g444,Adgrb3,0.078
m7,g444,Adgrb3,0.059
m7,g444,Adgrb3,0.031
m7,g444,Adgrb3,0.02
m7,g444,Akt2,0.137
m7,g444,Akt2,0.107
m7,g444,Akt2,0.042
m7,g444,Apob,0.147
m7,g444,Apob,0.076
m7,g444,Apob,0.057
m7,g444,Apob,0.033
m7,g444,Apob,0.031
m7,g444,Apob,0.026
m7,g444,Apob,0.023
m7,g444,Apob,0.018
m7,g444,Apob,0.013
m7,g444,Arid1a,0.209
m7,g444,Arid1a,0.122
m7,g444,Arid1a,0.027
m7,g444,Arid1a,0.024
m7,g444,Arid2,0.1
m7,g444,Arid2,0.081
m7,g444,Arid2,0.041
m7,g444,Arid2,0.038
m7,g444,Aurka,0.126
m7,g444,Cdh1,0.105
m7,g444,Cdh1,0.081
m7,g444,Cr2,0.093
m7,g444,Cr2,0.056
m7,g444,Cr2,0.045
m7,g444,Cr2,0.044
m7,g444,Cr2,0.041
m7,g444,Cr2,0.03
m7,g444,Cr2,0.018
m7,g444,Crebbp,0.12
m7,g444,Crebbp,0.056
m7,g444,Crebbp,0.054
m7,g444,Crebbp,0.04
m7,g444,Crebbp,0.039
m7,g444,Cul3,0.059
m7,g444,Cul3,0.05
m7,g444,Dicer1,0.127
m7,g444,Dicer1,0.084
m7,g444,Egfr,0.048
m7,g444,Erbb3,0.09
m7,g444,Erbb3,0.043
m7,g444,Erbb4,0.151
m7,g444,Erbb4,0.135
m7,g444,Erbb4,0.112
m7,g444,Erbb4,0.099
m7,g444,Erbb4,0.032
m7,g444,Erbb4,0.022
m7,g444,Fat1,0.084
m7,g444,Fat1,0.034
m7,g444,Fat1,0.032
m7,g444,Fat1,0.031
m7,g444,Fat4,0.074
m7,g444,Fat4,0.055
m7,g444,Fat4,0.046
m7,g444,Fat4,0.041
m7,g444,Fat4,0.041
m7,g444,Fat4,0.04
m7,g444,Fat4,0.033
m7,g444,Fat4,0.03
m7,g444,Fat4,0.028
m7,g444,Fat4,0.023
m7,g444,Fbxw7,0.025
m7,g444,Fgfr2,0.034
m7,g444,Fgfr2,0.019
m7,g444,Fgfr3,0.105
m7,g444,Flg2,0.112
m7,g444,Flg2,0.036
m7,g444,Gpsm3,0.134
m7,g444,Grin2a,0.123
m7,g444,Grin2a,0.046
m7,g444,Grin2a,0.037
m7,g444,Grin2a,0.035
m7,g444,Grin2a,0.034
m7,g444,Grin2a,0.025
m7,g444,Grm3,0.043
m7,g444,Irf6,0.05
m7,g444,Kcnh5,0.129
m7,g444,Kcnh5,0.124
m7,g444,Kcnh5,0.053
m7,g444,Kcnh5,0.021
m7,g444,Kmt2a,0.067
m7,g444,Kmt2a,0.061
m7,g444,Kmt2a,0.058
m7,g444,Kmt2a,0.05
m7,g444,Kmt2a,0.042
m7,g444,Kmt2a,0.037
m7,g444,Kmt2a,0.033
m7,g444,Kmt2a,0.027
m7,g444,Kmt2a,0.021
m7,g444,Kmt2c,0.1
m7,g444,Kmt2c,0.07
m7,g444,Kmt2c,0.066
m7,g444,Kmt2c,0.047
m7,g444,Kmt2c,0.039
m7,g444,Kmt2d,0.095
m7,g444,Kmt2d,0.071
m7,g444,Kmt2d,0.044
m7,g444,Kmt2d,0.032
m7,g444,Kmt2d,0.025
m7,g444,Met,0.142
m7,g444,Met,0.082
m7,g444,Met,0.047
m7,g444,Met,0.044
m7,g444,Met,0.039
m7,g444,Muc3,0.13
m7,g444,Muc3,0.129
m7,g444,Muc3,0.104
m7,g444,Muc3,0.09
m7,g444,Muc3,0.058
m7,g444,Muc3,0.043
m7,g444,Muc3,0.022
m7,g444,Muc4,0.13
m7,g444,Muc4,0.115
m7,g444,Muc4,0.083
m7,g444,Muc4,0.071
m7,g444,Muc4,0.07
m7,g444,Muc4,0.065
m7,g444,Muc4,0.043
m7,g444,Muc4,0.038
m7,g444,Muc4,0.03
m7,g444,Muc4,0.018
m7,g444,Nf1,0.075
m7,g444,Nf1,0.038
m7,g444,Nlrp1a,0.152
m7,g444,Nlrp1a,0.129
m7,g444,Nlrp1a,0.114
m7,g444,Nlrp1a,0.042
m7,g444,Nlrp1a,0.032
m7,g444,Nlrp1a,0.016
m7,g444,Notch1,0.122
m7,g444,Notch1,0.053
m7,g444,Notch2,0.086
m7,g444,Notch2,0.081
m7,g444,Notch2,0.066
m7,g444,Notch2,0.065
m7,g444,Notch2,0.039
m7,g444,Notch3,0.108
m7,g444,Notch3,0.092
m7,g444,Notch3,0.06
m7,g444,Notch3,0.057
m7,g444,Notch3,0.046
m7,g444,Notch3,0.045
m7,g444,Notch3,0.036
m7,g444,Notch3,0.028
m7,g444,Notch3,0.028
m7,g444,Notch4,0.115
m7,g444,Notch4,0.065
m7,g444,Notch4,0.056
m7,g444,Notch4,0.035
m7,g444,Nsd1,0.133
m7,g444,Nsd1,0.052
m7,g444,Nsd1,0.029
m7,g444,Pik3ca,0.097
m7,g444,Pik3ca,0.057
m7,g444,Pik3ca,0.032
m7,g444,Plcb1,0.131
m7,g444,Plcb1,0.071
m7,g444,Plcb1,0.069
m7,g444,Plcb1,0.036
m7,g444,Plcb1,0.026
m7,g444,Plcb1,0.024
m7,g444,Plcb1,0.01
m7,g444,Ppp1r3a,0.082
m7,g444,Ppp1r3a,0.048
m7,g444,Prex2,0.167
m7,g444,Prex2,0.161
m7,g444,Prex2,0.141
m7,g444,Prex2,0.136
m7,g444,Prex2,0.131
m7,g444,Prex2,0.126
m7,g444,Prex2,0.122
m7,g444,Prex2,0.113
m7,g444,Prex2,0.109
m7,g444,Prex2,0.108
m7,g444,Prex2,0.106
m7,g444,Prex2,0.089
m7,g444,Prex2,0.084
m7,g444,Prex2,0.081
m7,g444,Prex2,0.064
m7,g444,Prex2,0.063
m7,g444,Prex2,0.058
m7,g444,Prex2,0.053
m7,g444,Prex2,0.05
m7,g444,Prex2,0.049
m7,g444,Prex2,0.043
m7,g444,Prex2,0.036
m7,g444,Prex2,0.033
m7,g444,Prex2,0.032
m7,g444,Prex2,0.021
m7,g444,Ptch1,0.114
m7,g444,Ptch1,0.017
m7,g444,Ptprt,0.159
m7,g444,Ptprt,0.114
m7,g444,Ptprt,0.101
m7,g444,Ptprt,0.097
m7,g444,Ptprt,0.087
m7,g444,Ptprt,0.078
m7,g444,Ptprt,0.064
m7,g444,Ptprt,0.06
m7,g444,Ptprt,0.053
m7,g444,Ptprt,0.036
m7,g444,Ptprt,0.032
m7,g444,Rb1,0.121
m7,g444,Rb1,0.064
m7,g444,Sall1,0.078
m7,g444,Sall1,0.065
m7,g444,Sall1,0.056
m7,g444,Sall1,0.036
m7,g444,Sall1,0.032
m7,g444,Scn11a,0.116
m7,g444,Scn11a,0.033
m7,g444,Scn11a,0.028
m7,g444,Scn1a,0.145
m7,g444,Scn1a,0.093
m7,g444,Scn1a,0.081
m7,g444,Scn1a,0.079
m7,g444,Scn1a,0.063
m7,g444,Scn1a,0.062
m7,g444,Scn1a,0.051
m7,g444,Scn1a,0.045
m7,g444,Scn1a,0.025
m7,g444,Setd2,0.105
m7,g444,Setd2,0.092
m7,g444,Setd2,0.028
m7,g444,Smad4,0.103
m7,g444,Smad4,0.062
m7,g444,Smad4,0.045
m7,g444,Smad4,0.026
m7,g444,Smo,0.107
m7,g444,Sphkap,0.098
m7,g444,Sphkap,0.04
m7,g444,Sphkap,0.038
m7,g444,Sufu,0.114
m7,g444,Sufu,0.077
m7,g444,Triobp,0.098
m7,g444,Triobp,0.085
m7,g444,Triobp,0.082
m7,g444,Triobp,0.057
m7,g444,Triobp,0.026
m7,g444,Trp53,0.183
m7,g444,Trp53,0.031
m7,g444,Trp63,0.02
m7,g444,Trp63,0.018
m7,g445,Kmt2a,0.154
m7,g445,Arid1a,0.129
m7,g445,Kmt2a,0.111
m7,g445,Kmt2a,0.09
m7,g445,Kmt2a,0.089
m7,g445,Kmt2a,0.086
m7,g445,Cdh1,0.085
m7,g445,Fbxw7,0.077
m7,g445,Kmt2a,0.07
m7,g445,Kmt2a,0.067
m7,g445,Nf1,0.064
m7,g445,Kmt2a,0.06
m7,g445,Kmt2a,0.047
m7,g445,Egfr,0.039
m7,g445,Scn11a,0.036
m7,g446,Prex2,0.673
m7,g446,Adamts18,0.455
m7,g446,Nf1,0.438
m7,g446,Muc3,0.43
m7,g446,Kmt2d,0.424
m7,g446,Grin2a,0.421
m7,g446,Pced1b,0.418
m7,g446,Notch1,0.417
m7,g446,Apob,0.414
m7,g446,Trp53,0.413
m7,g446,Egfr,0.405
m7,g446,Arid1a,0.398
m7,g446,Erbb3,0.396
m7,g446,Ptch1,0.394
m7,g446,Trp53,0.392
m7,g446,Muc4,0.39
m7,g446,Erbb4,0.379
m7,g446,Notch4,0.377
m7,g446,Ptprt,0.372
m7,g446,Notch3,0.37
m7,g446,Fat4,0.364
m7,g446,Triobp,0.363
m7,g446,Triobp,0.361
m7,g446,Ptprt,0.358
m7,g446,Nf1,0.355
m7,g446,Plcb1,0.334
m7,g446,Scn11a,0.333
m7,g446,Prex2,0.294
m7,g446,Scn11a,0.291
m7,g446,Cr2,0.183
m7,g446,Cr2,0.179
m7,g446,Plcb1,0.046
m7,g446,Kmt2a,0.04
m7,g446,Mir6917,0.032
m7,g446,Muc3,0.025
m7,g446,Adamts18,0.019
m7,g446,Kmt2a,0.019
m7,g446,Adamts18,0.013
m7,g446,Scn11a,0.008403
m7,g446,Scn11a,0.007782
m7,g446,Kmt2d,0.007213
m7,g446,Triobp,0.006132
m7,g446,Kmt2a,0.005288
